model,MAE,MAPE,R2
Blending,959811711.1666671,100.0,-6.924932068911722
